Malav Vasita,https://t.co/mdUKySjpOg
Malav Vasita,https://t.co/oLE4RwVVdP
Malav Vasita,I posted a new video to Facebook https://t.co/NWnt5afGbK
Malav Vasita,https://t.co/DHVNMokXPY
Malav Vasita,Bahubali and Bhallaldev watching BahubaliЁЯШВЁЯШЫЁЯШЖ тАФ watching Baahubali 2 - The Conclusion | Official Trailer (Hindi) |... https://t.co/kCmVhI56mA
Malav Vasita,ЁЯШНЁЯШНЁЯШНЁЯШНЁЯШН https://t.co/HMIS5XwG3u
Malav Vasita,https://t.co/G3nDGqaUoN
Malav Vasita,Happy Birthday to One of my inspiration ЁЯОВЁЯОВЁЯОВ https://t.co/vVZB1Szujs
Malav Vasita,https://t.co/wM3MRsTEEU
Malav Vasita,https://t.co/M9Bk8ePlqa
Malav Vasita,https://t.co/Wh01UQBr44
Malav Vasita,NU TECH 2017 | NIRMA UNIVERSITY | THE BIGGEST TECH FEST :D https://t.co/7UjwkSf70V
Malav Vasita,https://t.co/cBuMWpbSuB
Malav Vasita,I posted a new photo to Facebook https://t.co/MxktgTwbii
Malav Vasita,I posted 2 photos on Facebook in the album "Fun with Friends" https://t.co/9iaNwyNnJL
Malav Vasita,I posted 2 photos on Facebook in the album "Fun with Friends" https://t.co/A48nAHIxdO
Malav Vasita,I posted 2 photos on Facebook in the album "Fun with Friends" https://t.co/fC8TLI3vT1
Malav Vasita,I posted a new photo to Facebook https://t.co/JsrryJdZQZ
Malav Vasita,I posted a new photo to Facebook https://t.co/ArXuQS1Z4s
Malav Vasita,I posted a new photo to Facebook https://t.co/0hBOqTcFam
Malav Vasita,I posted a new video to Facebook https://t.co/kf2Gnfjv5B
Malav Vasita,https://t.co/SjgL52Wu5H
Malav Vasita,Naanakdo santa
Sunny Panchal :D https://t.co/OHAwTN9UPH
Malav Vasita,https://t.co/zbL55clVUL
Malav Vasita,Hahahahaha

Another one Sunnya :D https://t.co/SJALyyZ4SC
Malav Vasita,#yearinreview2016 https://t.co/brB17IswFc
Malav Vasita,#yearinreview2016 https://t.co/gz3PwPqaSf
Malav Vasita,1 year of 
Chhello Divas #effect :P :P https://t.co/uK5tcm6I4F
Malav Vasita,Enter now to win the OnePlus 3T and more for just тВ╣ 1! https://t.co/LmMu5vSFCd
Malav Vasita,Joi le Sunnya
Sunny Panchal :D https://t.co/POLogiapUp
Malav Vasita,Obsession тЭдЁЯШН тАФ listening to Ishq Mubarak - Arijit Singh - Tum Bin 2
Malav Vasita,https://t.co/EmKJB43Wex
Malav Vasita,What is your life quote? https://t.co/ff1HaCsEQM
Malav Vasita,After a very long time &lt;3 тАФ listening to Tum Hi Ho
Malav Vasita,No Offence https://t.co/EUxQspmmv8
Malav Vasita,Romu Shaikh Utsav Shah :P :P :P :P :D :D :D https://t.co/efPsxMjXO4
Malav Vasita,https://t.co/vRQkj5vvLW
Malav Vasita,Yo #Piyush https://t.co/C7G5E2lYp0
Malav Vasita,https://t.co/pVpF5aTL8d
Malav Vasita,https://t.co/XwETRH0n3E
Malav Vasita,&lt;3 тАФ listening to Zara Si Dosti - Arijit Singh
Malav Vasita,listening to Kaala Chashma - Baar Baar Dekho FT Badshah - Neha Kakkar
Malav Vasita,#Guru #Purnima є╛НЫ
Malav Vasita,#New #Sensation тАФ listening to Tu Hai - Mohenjo Daro - A. R. Rahman &amp; Sanah Moidutty
Malav Vasita,Sultan is sultan when he is having "Govind" and "Aarfa" with him... Life is nothing without  support of your... https://t.co/ArvSdNtnYe
Malav Vasita,https://t.co/H6YcoZcR3z
Malav Vasita,Beautiful &lt;3 тАФ listening to Tere Sang Yara - Rustom - Atif Aslam
Malav Vasita,Dil se re &lt;3 https://t.co/wCAUFKz05l
Malav Vasita,I posted a new video to Facebook https://t.co/f7PwC3LOD5
Malav Vasita,#BusinessTrip #RISTeam
#Rajasthan #RoadTrip #RightBrothers

Its time to get high and move to the next level тАФ... https://t.co/nAPc5NxUkr
Malav Vasita,Super humans &lt;3 https://t.co/uKlh8zkZES
Malav Vasita,рдЬрд╛рдирд┐рдП рдЖрдк рдХрд┐рд╕ рдХрд╛рдо рдХреЗ рд▓рд┐рдП Breaking News рдореЗ рд╣реЛ ? https://t.co/M5q3Zz8Cdq
Malav Vasita,Which friend is like a mirror to you? https://t.co/jKHqVznWzt
Malav Vasita,Sunnyaaaa :P :P :P 
50 crore #Hahahahahah
Jo 1 cr to aai gaya :P :P :P https://t.co/g8GcFXpgp3
Malav Vasita,I posted a new photo to Facebook https://t.co/OOm7MWvZ44
Malav Vasita,I posted a new photo to Facebook https://t.co/wZaUZzS6E0
Malav Vasita,I posted a new photo to Facebook https://t.co/XFZJdMlHVt
Malav Vasita,I posted 2 photos on Facebook in the album "Rajasthan Trip | RIS | 2016" https://t.co/i4ua7N95Mn
Malav Vasita,I posted 2 photos on Facebook in the album "Rajasthan Trip | RIS | 2016" https://t.co/PeR92TbFT1
Malav Vasita,I posted a new photo to Facebook https://t.co/t835lZoaH7
Malav Vasita,I posted 2 photos on Facebook in the album "Rajasthan Trip | RIS | 2016" https://t.co/NWSY3ucQCj
Malav Vasita,I posted 2 photos on Facebook in the album "Rajasthan Trip | RIS | 2016" https://t.co/EUPqWX8PNl
Malav Vasita,I posted 2 photos on Facebook in the album "Rajasthan Trip | RIS | 2016" https://t.co/7yWuDpGUN2
Malav Vasita,On Repeat &lt;3 тАФ listening to Badtameez - Ankit Tiwari Feat Sonal Chauhan
Malav Vasita,Which nickname suits you 100%? https://t.co/NTyp1FrIIw
Malav Vasita,Which nickname suits you 100%? https://t.co/UrSG5myc7m
Malav Vasita,https://t.co/O0k9mwKb5V
Malav Vasita,https://t.co/tgXKj7E3yc
Malav Vasita,https://t.co/UCwZI1XVbm
Malav Vasita,What kind of a leader are you? https://t.co/i7xSxUCjse
Malav Vasita,Which one word describes your life? https://t.co/LCbRxLOiW4
Malav Vasita,Sunny Panchal :P https://t.co/ceFJSk9eQM
Malav Vasita,Thanks to all my well wishers for making my birthday super spacial. You all have made my day by wishing me.... https://t.co/VjmftxWM4i
Malav Vasita,I posted 10 photos on Facebook in the album "Birthday Celebration With Buddies" https://t.co/tCYgRXOHSb
Malav Vasita,Sabko tu maaf kar khud na insaaf kar
Uspe toh haq bas khuda ka hi hain
Tu auron se iss kadar mil
Jaise tu chahe... https://t.co/0aMCfNx3Gw
Malav Vasita,https://t.co/zhDOci18q5
Malav Vasita,Sunny Ready???? :P :P :P :P :P
Hahahahahahah

It can't be better than this #ROFL #LOL https://t.co/klj07AtLCz
Malav Vasita,Malav Vasita What does Wiki say about you? https://t.co/UE2yLYP3Hy
Malav Vasita,(2013-2016) IN YOUR PHOTOS https://t.co/0eekjTH6Qo
Malav Vasita,Happy birthday to voice of the nation тЭд 

#singing #sensation #inspiration #the #one #and #only ЁЯШЗ 

His name is... https://t.co/2KzqAxsyJ1
Malav Vasita,https://t.co/i9s7nihDKo
Malav Vasita,On the face of #HATERS :P https://t.co/p3hf4N7BE5
Malav Vasita,Hahahahahah :P :P :P :P https://t.co/X9vqtJfE8q
Malav Vasita,https://t.co/TYycxJBuwO
Malav Vasita,Abhi Panchal Lamborghini?? &lt;3 :* :D https://t.co/yoXa4sL76Z
Malav Vasita,https://t.co/EVCvZpsu9C
Malav Vasita,#positive #vibes :D тАФ listening to Tu na jane aas pass hai khuda
Malav Vasita,WOW! https://t.co/2ndqLsqrA8
Malav Vasita,Ik baat kahoon kya ijazat hai
Tere ishq ki mujhko aadat hai &lt;3 &lt;3

#Arijit you beauty  :* тАФ listening to Ijazat - Arijit Singh
Malav Vasita,https://t.co/5Rg140LnHm
Malav Vasita,https://t.co/2GVEQAeBVf
Malav Vasita,https://t.co/H8CcMDok3f
Malav Vasita,https://t.co/pQCaNRjmVX
Malav Vasita,https://t.co/O2euVAUYDM
Malav Vasita,https://t.co/exHPTVrJG0
Malav Vasita,#Topaas https://t.co/SuDXM1CbVr
Malav Vasita,https://t.co/4BE6vac9IF
Malav Vasita,рдЬрд╛рдирд┐рдП рдЖрдк рдХрд┐рд╕ рдХреНрд░рд┐рдХреЗрдЯрд░ рдХреА рддрд░рд╣ рдЦреЗрд▓рддреЗ рд╣реИ? https://t.co/g9tmv6XuZh
Malav Vasita,#Late #Night #Work #and #This #Song
#Perfect

#RIS тАФ listening to Aur Ho - Rockstar
Malav Vasita,AppsWorld: Which Bollywood Celebrity You Look Like? https://t.co/jU9WLseWhM
Malav Vasita,#RIS #TEAM https://t.co/LyalGxI15D
Malav Vasita,https://t.co/Ppvkm35oeF
Malav Vasita,We are #Leaders

Nikhil Jasmin Sunny Abhi Dev

#RIS https://t.co/DFAO7gVd8j
Malav Vasita,https://t.co/j6VbG2Tzzq
Malav Vasita,Must Watch :D https://t.co/yAaYwGZbY1
Malav Vasita,Please vote for Divy https://t.co/sVFailYBSl
Malav Vasita,Check out my Friends Day video! #friendsday https://t.co/tvmpaD7kgd
Malav Vasita,#Event #Management #hosting #river #front
#RIS
Malav Vasita,Click here to find which car suits your personality! https://t.co/hynsq7uEmk
Malav Vasita,https://t.co/pX4boE4Rzt
Malav Vasita,Exact Same Abhi :D https://t.co/GBdQMZNpoJ
Malav Vasita,To whom who deserves this ;) (y) :P https://t.co/7XXSOf8MZx
Malav Vasita,A night before MATH test :P :P https://t.co/LeyC4Iko1I
Malav Vasita,Check out "Budget Buddy" for Windows Phone
https://t.co/990JBdvhXP https://t.co/tBtCQcbpgK
Malav Vasita,https://t.co/7iuMwng3F9
Malav Vasita,Sunny Dev :P https://t.co/GufDWbU0ya
Malav Vasita,Right InfoService Official #RIS https://t.co/P5p0MIi8bZ
Malav Vasita,Jasmin Maara bhai :D :D :D https://t.co/5fHwXe0SaE
Malav Vasita,https://t.co/9VpPpBTpT6
Malav Vasita,Which two friends are you a combination of? https://t.co/JhMbI1p8PM
Malav Vasita,Nikhil Panchal Jasmin Acharya Dev Panchal Sunny Panchal Abhi Panchal

#Believe in our selves (y)

We are going to... https://t.co/Y6I134RtTb
Malav Vasita,Create a collage of 16 friends on a canvas! https://t.co/1AM0RIE4iO
Malav Vasita,A. R. Rehman

Why you so awesome??? :D :D :D :D

Must watch https://t.co/Ri8gAvQuY9
Malav Vasita,Jo Jasmin jo :P https://t.co/Mpoqn2AtCL
Malav Vasita,https://t.co/bnSRYERFBG
Malav Vasita,https://t.co/pjYtH1LIRM
Malav Vasita,https://t.co/bRf4un9uis
Malav Vasita,https://t.co/90n35dzy3P
Malav Vasita,https://t.co/BRy0m06wjf
Malav Vasita,https://t.co/7YoiG7uQVp
Malav Vasita,Dharmin Shah https://t.co/247SkW9Sjf
Malav Vasita,Nikhil Panchal ;) https://t.co/TY28cxx5HQ
Malav Vasita,Khatarnaak idea;)

Jya sudhi order na aave tya sudhi game ramva ni :P https://t.co/UlfBLRhVjn
Malav Vasita,https://t.co/d8snVQDc8K
Malav Vasita,https://t.co/lzzfCAY763
Malav Vasita,https://t.co/AGeMKv3yHr
Malav Vasita,I posted a new photo to Facebook https://t.co/c2iKluBUnO
Malav Vasita,I posted a new photo to Facebook https://t.co/E2tV6FizUr
Malav Vasita,I posted a new photo to Facebook https://t.co/sdXLSHAOgG
Malav Vasita,I posted a new photo to Facebook https://t.co/guhRSIeAwC
Malav Vasita,I posted a new photo to Facebook https://t.co/XR3bAaqJyi
Malav Vasita,I posted a new photo to Facebook https://t.co/eZJr3raVAB
Malav Vasita,I posted a new photo to Facebook https://t.co/WmnENgG86a
Malav Vasita,I posted a new photo to Facebook https://t.co/MCpLMJV2cM
Malav Vasita,I posted a new photo to Facebook https://t.co/XpNMCfKadF
Malav Vasita,I posted a new photo to Facebook https://t.co/SD9ydzXFcV
Malav Vasita,I posted a new photo to Facebook https://t.co/Uupjkd73C1
Malav Vasita,It is not how much we have, but how much we enjoy, that makes happiness. тАФ feeling Jordaar
Malav Vasita,https://t.co/4gkSr7qRBt
Malav Vasita,#reading #at #last #moment

#feeling #ghacha #ghach https://t.co/d5aRH3s9rD
Malav Vasita,Feeling Ghacha Gach тАФ reading Discrete Mathematics and Its Applications
Malav Vasita,https://t.co/btZcLdN0a0
Malav Vasita,What are the best photos of yours? https://t.co/9WeAQtPNaQ
Malav Vasita,https://t.co/SkggC8eVF3
Malav Vasita,https://t.co/LaNpBOqyaI
Malav Vasita,Henil Mehta https://t.co/9l9tFBtXY6
Malav Vasita,I posted a new photo to Facebook https://t.co/EJqinSwQO8
Malav Vasita,ркдркорлЗ ркЫрлЗрк▓рлНрк▓рлЛ ркжрк┐рк╡рк╕ ркирлЛ ркХркпрлЛ ркбрк╛ркпрк▓рлЛркЧ рккрк╣рлЗрк▓рк╛ рккркг ркмрлЛрк▓рлА ркЪрлБркХрлНркпрк╛ ркЫрлЛ? https://t.co/BtsI2S5QQi
Malav Vasita,After a long time :P :P https://t.co/rhtEBKLsGw
Malav Vasita,BFF &lt;3

Sunnya topa.. Jo aapdi 2nd anniversary :P
Malav Vasita,Abhi Panchal  :P comment ma lakhje taaro abhipraay :P :P :P https://t.co/H9ozciPSwE
Malav Vasita,ркдркорк╛рк░рлБркВ ркЬрлАрк╡рки ркЫрлЗрк▓рлНрк▓рлЛ ркжрк┐рк╡рк╕ ркирлА ркХркИ рккрлНрк░рлЗрко ркХрк╣рк╛ркирлА рккрк░ ркЖркзрк╛рк░рк┐ркд ркЫрлЗ? https://t.co/wl6AZ62soZ
Malav Vasita,ркдркорлЗ ркЫрлЗрк▓рлНрк▓рк╛ ркжрк┐рк╡рк╕ ркирлБркВ ркХркпрлБркВ рккрк╛ркдрлНрк░ ркЫрлЛ ? https://t.co/e9xF2k1Ux3
Malav Vasita,php/php-src https://t.co/LT8GJQIjBx
Malav Vasita,рдХреМрдирд╕реА рдлрд┐рд▓реНрдо рдХреЗ рдбрд╛рдпрд▓рд╛рдЧ рдЖрдкрдХреЛ рд╣рд┐рдореНрдордд рджреЗрддреЗ рд╣реИ? https://t.co/2NeYScvuRa
Malav Vasita,#perfect #duo :D

Paresh Rawal And Akshay Kumar &lt;3

Back to back movies ;)

#DE_DANA_DAN on Movies OK and... https://t.co/2nJLWrW7Ey
Malav Vasita,https://t.co/7GYfhnMxUJ
Malav Vasita,World TV premier ;) :P

UTV Movies :D :D тАФ watching Kis Kisko Pyaar Karoon
Malav Vasita,https://t.co/q1TBPa0tuu
Malav Vasita,https://t.co/fhW06MSpcx
Malav Vasita,https://t.co/0EECDHS7A6
Malav Vasita,рдЬрд╛рдирд┐рдП рдХреЛрдирд╕рд╛ рдлрд┐рд▓реНрдореА рдбрд╛рдЗрд▓реЙрдЧ рдЖрдкрдХреЗ рд▓рд┐рдП рдмрдирд╛ рд╣реИ? https://t.co/q8WrBOj8iQ
Malav Vasita,I posted 11 photos on Facebook in the album "iFest 2015 @ DAIICT" https://t.co/JcdPLP0gZc
Malav Vasita,https://t.co/toqasxxgVC
Malav Vasita,рдЬрд╛рдирд┐рдП рдХреЛрдирд╕рд╛ рдлрд┐рд▓реНрдореА рдбрд╛рдЗрд▓реЙрдЧ рдЖрдкрдХреЗ рд▓рд┐рдП рдмрдирд╛ рд╣реИ? https://t.co/VhHg31yqHt
Malav Vasita,Doesn't matter how many times you have listen this song,
But whenever you do, you will be like "Boss aa song to... http://t.co/I7uTgNddxJ
Malav Vasita,рдЖрдкрдХреЗ рд╡реНрдпрдХреНрддрд┐рддреНрд╡ рдкрд░ рдХреЛрдирд╕рд╛ рдореЛрдмрд╛рдЗрд▓ рд╕реВрдЯ рдХрд░рддрд╛ рд╣реИ ? http://t.co/yt5fOuzmBn
Malav Vasita,I posted a new video to Facebook http://t.co/tBlm94UBdT
Malav Vasita,Nothing can stop the man with the right mental attitude from achieving his goal;

Nothing on earth can help the... http://t.co/hx7JlX2lh5
Malav Vasita,My "Facebook University" result. Click Here to See Yours http://t.co/p479G9UX7V
Malav Vasita,Wooooohhooo

Repeat mode ON ЁЯШО http://t.co/mdM842ADjs
Malav Vasita,The soul shaker from none other than SHREYA GHOSHAL ;) &lt;3 тАФ listening to Hasi Female Version
Malav Vasita,All Alumni Members ;)
Malav Vasita,It was an awesome time in GLS Alumni meet...
Seriously..

Went back to the collage days

Amazing feeling in the... http://t.co/Q1KQegqoZz
Malav Vasita,MF :P :P :P http://t.co/al9BbOUGvY
Malav Vasita,http://t.co/0K16jUoJcj
Malav Vasita,рдЬрд╛рдирд┐рдН рдЖрдк рдХрд╛ рд▓рд╛рдЗрдл рдкрд╛рд░реНрдЯрдирд░ рдЖрдк рдХреЗ рд▓рд┐рдП рдХреНрдпрд╛ рдХрд░реЗрдЧрд╛ ? http://t.co/uJpVNLtPhv
Malav Vasita,http://t.co/GjP7S3triR
Malav Vasita,Win Iphone 6s http://t.co/abOCNl1PCb
Malav Vasita,That is an awesome Saturday night plan :D :D тАФ watching Zindagi Na Milegi Dobara
Malav Vasita,рдЬрд╛рдирд┐рдН рдХрд┐рддрдиреЗ рд▓реЛрдЧ рдЖрдкрдХреА рдкреНрд░реЛрдлрд╝рд╛рдЗрд▓ рдХреА рдЬрд╛рд╕реВрд╕реА рдХрд░ рд░рд╣реЗ рд╣реИрдВ? http://t.co/qDGIR0aR51
Malav Vasita,Superb Song :D :D тАФ listening to Samandar Main Kinara Tu - Kis Kis Ko ?yaar Karoon
Malav Vasita,Superb Song :D :D
;) ;) тАФ listening to Samandar Main Kinara Tu
Malav Vasita,Awesome B| B| B| тАФ listening to Khwaishein (Rock Version) - ARIJIT SINGH - Calender Girls
Malav Vasita,This is the diagnostic of MALAV - Find out yours! - CuriosiTest http://t.co/GgF7mftUE6
Malav Vasita,Job opening for RIGHT INFOSERVICE, Ahmedabad

Now work as freelancer and make money

Vacancy for good PHP... http://t.co/sUVzZsFHyY
Malav Vasita,Kis Kisko Pyaar Karoon | Official Trailer | Kapil Sharma, Arbaaz Khan, Eli Avram &amp; Manjari Phadnis http://t.co/0WVHCE9DsD
Malav Vasita,http://t.co/fbcG1hg9jZ
Malav Vasita,Awesome Crowd. :D
Awesome Sunday ;)
With Friends http://t.co/BPF4BWEaMh
Malav Vasita,http://t.co/r5z868Emx8
